time	VR	Vout	Vin
0.000000000000000e+00	0.000000e+00	0.000000e+00	0.000000e+00
7.314285669833358e-07	4.125355e-03	1.089778e-05	4.136253e-03
1.462857133966672e-06	8.233236e-03	3.891701e-05	8.272153e-03
2.194285700950007e-06	1.232364e-02	8.405771e-05	1.240770e-02
2.925714267933343e-06	1.639657e-02	1.463199e-04	1.654289e-02
3.657142834916679e-06	2.045203e-02	2.257035e-04	2.067773e-02
4.388571401900015e-06	2.449001e-02	3.222086e-04	2.481222e-02
5.119999968883349e-06	2.851052e-02	4.358351e-04	2.894636e-02
9.026249968883349e-06	4.977740e-02	1.236457e-03	5.101386e-02
1.293249996888335e-05	7.064502e-02	2.412457e-03	7.305748e-02
1.683874996888335e-05	9.107372e-02	3.991742e-03	9.506546e-02
2.074499996888335e-05	1.110613e-01	5.965717e-03	1.170271e-01
2.465124996888335e-05	1.306058e-01	8.325748e-03	1.389315e-01
2.855749996888335e-05	1.497051e-01	1.106316e-02	1.607683e-01
3.246374996888335e-05	1.683573e-01	1.416924e-02	1.825265e-01
3.636999996888335e-05	1.865605e-01	1.763523e-02	2.041957e-01
4.027624996888335e-05	2.043130e-01	2.145235e-02	2.257653e-01
4.418249996888336e-05	2.216129e-01	2.561179e-02	2.472247e-01
4.808874996888336e-05	2.384589e-01	3.010468e-02	2.685635e-01
5.199499996888336e-05	2.548492e-01	3.492214e-02	2.897713e-01
5.590124996888337e-05	2.707824e-01	4.005526e-02	3.108377e-01
5.980749996888337e-05	2.862573e-01	4.549510e-02	3.317524e-01
6.371374996888337e-05	3.012725e-01	5.123269e-02	3.525052e-01
7.152624996888338e-05	3.299197e-01	6.356518e-02	3.934849e-01
7.933874996888339e-05	3.567161e-01	7.698056e-02	4.336967e-01
8.715124996888339e-05	3.816557e-01	9.140642e-02	4.730622e-01
9.886999996888340e-05	4.155749e-01	1.147810e-01	5.303559e-01
1.105887499688834e-04	4.453014e-01	1.400202e-01	5.853215e-01
1.206333928260263e-04	4.673858e-01	1.633317e-01	6.307175e-01
1.306780356831692e-04	4.864573e-01	1.872972e-01	6.737545e-01
1.407226785403120e-04	5.025158e-01	2.119168e-01	7.144326e-01
1.507673213974549e-04	5.155614e-01	2.371903e-01	7.527517e-01
1.608119642545978e-04	5.255941e-01	2.631179e-01	7.887120e-01
1.708566071117406e-04	5.326139e-01	2.896994e-01	8.223134e-01
1.809012499688835e-04	5.366208e-01	3.169350e-01	8.535558e-01
1.942941071117406e-04	5.371400e-01	3.537083e-01	8.908484e-01
2.076869642545978e-04	5.330839e-01	3.895864e-01	9.226703e-01
2.210798213974549e-04	5.244525e-01	4.245693e-01	9.490218e-01
2.344726785403121e-04	5.112456e-01	4.586570e-01	9.699026e-01
2.478655356831693e-04	4.934634e-01	4.918495e-01	9.853129e-01
2.612583928260264e-04	4.711059e-01	5.241467e-01	9.952526e-01
2.746512499688835e-04	4.441730e-01	5.555488e-01	9.997218e-01
2.869280356831692e-04	4.160028e-01	5.823763e-01	9.983792e-01
2.992048213974550e-04	3.853586e-01	6.070071e-01	9.923657e-01
3.114816071117407e-04	3.522403e-01	6.294409e-01	9.816813e-01
3.237583928260264e-04	3.166480e-01	6.496780e-01	9.663260e-01
3.360351785403122e-04	2.785817e-01	6.677181e-01	9.462998e-01
3.483119642545979e-04	2.380413e-01	6.835614e-01	9.216028e-01
3.605887499688836e-04	1.950269e-01	6.972079e-01	8.922348e-01
3.672851785403122e-04	1.710653e-01	7.033696e-01	8.744349e-01
3.739816071117408e-04	1.467609e-01	7.086934e-01	8.554543e-01
3.806780356831693e-04	1.221138e-01	7.131793e-01	8.352931e-01
3.873744642545979e-04	9.712389e-02	7.168272e-01	8.139511e-01
3.940708928260265e-04	7.179119e-02	7.196372e-01	7.914284e-01
4.007673213974551e-04	4.611570e-02	7.216094e-01	7.677251e-01
4.074637499688837e-04	2.009743e-02	7.227436e-01	7.428410e-01
4.113699999688837e-04	4.889309e-03	7.229876e-01	7.278769e-01
4.191824999688837e-04	-2.569109e-02	7.225818e-01	6.968907e-01
4.264369642545980e-04	-5.436887e-02	7.211301e-01	6.667613e-01
4.336914285403123e-04	-8.299639e-02	7.186421e-01	6.356457e-01
4.409458928260265e-04	-1.115736e-01	7.151176e-01	6.035440e-01
4.482003571117408e-04	-1.401006e-01	7.105568e-01	5.704561e-01
4.554548213974551e-04	-1.685773e-01	7.049595e-01	5.363822e-01
4.627092856831695e-04	-1.970038e-01	6.983258e-01	5.013220e-01
4.699637499688837e-04	-2.253799e-01	6.906557e-01	4.652758e-01
4.794503571117409e-04	-2.622213e-01	6.790073e-01	4.167860e-01
4.889369642545980e-04	-2.982619e-01	6.657209e-01	3.674591e-01
4.984235713974552e-04	-3.335017e-01	6.507965e-01	3.172949e-01
5.079101785403123e-04	-3.679407e-01	6.342342e-01	2.662935e-01
5.173967856831694e-04	-4.015789e-01	6.160338e-01	2.144548e-01
5.268833928260266e-04	-4.344164e-01	5.961954e-01	1.617789e-01
5.363699999688837e-04	-4.664531e-01	5.747190e-01	1.082658e-01
5.559012499688837e-04	-5.280709e-01	5.261163e-01	-1.954616e-03
5.614816071117408e-04	-5.446925e-01	5.111137e-01	-3.357878e-02
5.670619642545980e-04	-5.607828e-01	4.956915e-01	-6.509139e-02
5.726423213974551e-04	-5.763420e-01	4.798495e-01	-9.649246e-02
5.782226785403124e-04	-5.913699e-01	4.635879e-01	-1.277820e-01
5.838030356831695e-04	-6.058666e-01	4.469066e-01	-1.589599e-01
5.893833928260267e-04	-6.198320e-01	4.298056e-01	-1.900264e-01
5.949637499688838e-04	-6.332662e-01	4.122850e-01	-2.209812e-01
6.061244642545981e-04	-6.584888e-01	3.758711e-01	-2.826177e-01
6.172851785403124e-04	-6.810447e-01	3.384925e-01	-3.425523e-01
6.284458928260267e-04	-7.009339e-01	3.001490e-01	-4.007849e-01
6.396066071117410e-04	-7.181564e-01	2.608407e-01	-4.573156e-01
6.507673213974552e-04	-7.327121e-01	2.205677e-01	-5.121444e-01
6.619280356831695e-04	-7.446011e-01	1.793298e-01	-5.652713e-01
6.730887499688838e-04	-7.538234e-01	1.371271e-01	-6.166963e-01
6.781110713974552e-04	-7.569595e-01	1.181205e-01	-6.388390e-01
6.831333928260267e-04	-7.595039e-01	9.907967e-02	-6.604242e-01
6.881557142545981e-04	-7.614566e-01	8.000462e-02	-6.814520e-01
6.931780356831696e-04	-7.628177e-01	6.089536e-02	-7.019223e-01
6.982003571117411e-04	-7.635871e-01	4.175189e-02	-7.218353e-01
7.032226785403125e-04	-7.637649e-01	2.257420e-02	-7.411907e-01
7.082449999688839e-04	-7.633511e-01	3.362294e-03	-7.599888e-01
7.132673213974553e-04	-7.623347e-01	-1.583163e-02	-7.781663e-01
7.182896428260268e-04	-7.607270e-01	-3.495545e-02	-7.956825e-01
7.233119642545982e-04	-7.585281e-01	-5.400918e-02	-8.125373e-01
7.283342856831696e-04	-7.557379e-01	-7.299279e-02	-8.287307e-01
7.333566071117411e-04	-7.523565e-01	-9.190631e-02	-8.442628e-01
7.383789285403125e-04	-7.483839e-01	-1.107497e-01	-8.591336e-01
7.434012499688839e-04	-7.438200e-01	-1.295230e-01	-8.733430e-01
7.551199999688839e-04	-7.307082e-01	-1.731758e-01	-9.038840e-01
7.668387499688839e-04	-7.146797e-01	-2.155430e-01	-9.302227e-01
7.785574999688839e-04	-6.957345e-01	-2.566245e-01	-9.523590e-01
7.902762499688839e-04	-6.738725e-01	-2.964204e-01	-9.702929e-01
8.019949999688839e-04	-6.490937e-01	-3.349307e-01	-9.840244e-01
8.137137499688840e-04	-6.213983e-01	-3.721552e-01	-9.935535e-01
8.254324999688840e-04	-5.907861e-01	-4.080942e-01	-9.988803e-01
8.388253571117411e-04	-5.523548e-01	-4.468409e-01	-9.991957e-01
8.522182142545983e-04	-5.114502e-01	-4.825020e-01	-9.939522e-01
8.656110713974554e-04	-4.680721e-01	-5.150776e-01	-9.831497e-01
8.790039285403126e-04	-4.222206e-01	-5.445677e-01	-9.667882e-01
8.923967856831697e-04	-3.738956e-01	-5.709722e-01	-9.448678e-01
9.057896428260269e-04	-3.230972e-01	-5.942911e-01	-9.173883e-01
9.191824999688841e-04	-2.698254e-01	-6.145245e-01	-8.843499e-01
9.269949999688841e-04	-2.382726e-01	-6.244839e-01	-8.627565e-01
9.348074999688841e-04	-2.064272e-01	-6.331743e-01	-8.396015e-01
9.426199999688841e-04	-1.742890e-01	-6.405959e-01	-8.148849e-01
9.504324999688841e-04	-1.418581e-01	-6.467485e-01	-7.886066e-01
9.582449999688841e-04	-1.091345e-01	-6.516321e-01	-7.607667e-01
9.660574999688841e-04	-7.611824e-02	-6.552469e-01	-7.313651e-01
9.738699999688841e-04	-4.280925e-02	-6.575927e-01	-7.004019e-01
9.777762499688840e-04	-2.618316e-02	-6.582663e-01	-6.844494e-01
9.816824999688840e-04	-9.567648e-03	-6.586157e-01	-6.681833e-01
9.855887499688840e-04	7.037293e-03	-6.586408e-01	-6.516035e-01
9.894949999688840e-04	2.363166e-02	-6.583417e-01	-6.347101e-01
9.934012499688840e-04	4.021545e-02	-6.577184e-01	-6.175029e-01
9.973074999688840e-04	5.678868e-02	-6.567708e-01	-5.999822e-01
1.001213749968884e-03	7.335132e-02	-6.554990e-01	-5.821477e-01
1.010700357111741e-03	1.136268e-01	-6.510024e-01	-5.373756e-01
1.020186964254598e-03	1.532809e-01	-6.446792e-01	-4.913984e-01
1.029673571397455e-03	1.923137e-01	-6.365296e-01	-4.442160e-01
1.039160178540313e-03	2.307251e-01	-6.265535e-01	-3.958284e-01
1.048646785683170e-03	2.685152e-01	-6.147510e-01	-3.462358e-01
1.058133392826027e-03	3.056840e-01	-6.011219e-01	-2.954379e-01
1.067619999968884e-03	3.422314e-01	-5.856664e-01	-2.434350e-01
1.073200357111741e-03	3.631592e-01	-5.757975e-01	-2.126384e-01
1.078780714254598e-03	3.836716e-01	-5.653790e-01	-1.817074e-01
1.084361071397455e-03	4.037688e-01	-5.544108e-01	-1.506421e-01
1.089941428540313e-03	4.234506e-01	-5.428931e-01	-1.194424e-01
1.095521785683170e-03	4.427172e-01	-5.308257e-01	-8.810848e-02
1.101102142826027e-03	4.615685e-01	-5.182087e-01	-5.664017e-02
1.106682499968884e-03	4.800045e-01	-5.050421e-01	-2.503753e-02
1.109472678540313e-03	4.890244e-01	-4.982784e-01	-9.254041e-03
1.112262857111741e-03	4.979162e-01	-4.913943e-01	6.521943e-03
1.115053035683170e-03	5.066800e-01	-4.843896e-01	2.229042e-02
1.117843214254598e-03	5.153158e-01	-4.772644e-01	3.805138e-02
1.120633392826027e-03	5.238236e-01	-4.700188e-01	5.380484e-02
1.123423571397456e-03	5.322034e-01	-4.626526e-01	6.955079e-02
1.126213749968884e-03	5.404552e-01	-4.551660e-01	8.528922e-02
1.135142321397456e-03	5.660615e-01	-4.302907e-01	1.357708e-01
1.144070892826027e-03	5.900772e-01	-4.044834e-01	1.855938e-01
1.152999464254598e-03	6.125023e-01	-3.777439e-01	2.347584e-01
1.161928035683170e-03	6.333366e-01	-3.500723e-01	2.832643e-01
1.170856607111741e-03	6.525803e-01	-3.214685e-01	3.311118e-01
1.179785178540313e-03	6.702334e-01	-2.919326e-01	3.783007e-01
1.188713749968884e-03	6.862957e-01	-2.614646e-01	4.248311e-01
1.197084285683170e-03	6.996925e-01	-2.322883e-01	4.674042e-01
1.205454821397456e-03	7.114623e-01	-2.027550e-01	5.087073e-01
1.213825357111741e-03	7.216051e-01	-1.728645e-01	5.487406e-01
1.222195892826027e-03	7.301208e-01	-1.426170e-01	5.875038e-01
1.230566428540313e-03	7.370096e-01	-1.120124e-01	6.249972e-01
1.238936964254598e-03	7.422713e-01	-8.105069e-02	6.612206e-01
1.247307499968884e-03	7.459060e-01	-4.973191e-02	6.961741e-01
1.251771785683170e-03	7.471370e-01	-3.304163e-02	7.140953e-01
1.256236071397456e-03	7.478905e-01	-1.635584e-02	7.315346e-01
1.260700357111741e-03	7.481665e-01	3.254464e-04	7.484920e-01
1.265164642826027e-03	7.479651e-01	1.700224e-02	7.649674e-01
1.269628928540313e-03	7.472863e-01	3.367453e-02	7.809608e-01
1.274093214254598e-03	7.461300e-01	5.034232e-02	7.964723e-01
1.278557499968884e-03	7.444962e-01	6.700561e-02	8.115018e-01
1.288044107111741e-03	7.393739e-01	1.024530e-01	8.418269e-01
1.297530714254598e-03	7.321899e-01	1.373628e-01	8.695527e-01
1.307017321397456e-03	7.229442e-01	1.717349e-01	8.946791e-01
1.316503928540313e-03	7.116369e-01	2.055693e-01	9.172061e-01
1.325990535683170e-03	6.982678e-01	2.388660e-01	9.371338e-01
1.335477142826027e-03	6.828371e-01	2.716250e-01	9.544621e-01
1.344963749968884e-03	6.653447e-01	3.038463e-01	9.691911e-01
1.360588749968884e-03	6.316554e-01	3.554102e-01	9.870655e-01
1.376213749968884e-03	5.938633e-01	4.033558e-01	9.972191e-01
1.391838749968884e-03	5.519686e-01	4.476832e-01	9.996518e-01
1.407463749968884e-03	5.059712e-01	4.883924e-01	9.943636e-01
1.423088749968884e-03	4.558712e-01	5.254833e-01	9.813545e-01
1.438713749968884e-03	4.016685e-01	5.589561e-01	9.606246e-01
1.454338749968884e-03	3.433631e-01	5.888106e-01	9.321737e-01
1.463825357111742e-03	3.069226e-01	6.043214e-01	9.112440e-01
1.473311964254599e-03	2.698693e-01	6.180119e-01	8.878812e-01
1.482798571397456e-03	2.322032e-01	6.298822e-01	8.620854e-01
1.492285178540313e-03	1.939242e-01	6.399323e-01	8.338566e-01
1.501771785683170e-03	1.550325e-01	6.481623e-01	8.031947e-01
1.511258392826027e-03	1.155279e-01	6.545720e-01	7.700998e-01
1.520744999968884e-03	7.541043e-02	6.591614e-01	7.345719e-01
1.524093214254599e-03	6.127886e-02	6.603062e-01	7.215851e-01
1.527441428540313e-03	4.713787e-02	6.612139e-01	7.083517e-01
1.530789642826027e-03	3.298745e-02	6.618844e-01	6.948718e-01
1.534137857111742e-03	1.882761e-02	6.623178e-01	6.811454e-01
1.537486071397456e-03	4.658344e-03	6.625140e-01	6.671724e-01
1.540834285683170e-03	-9.520347e-03	6.624732e-01	6.529528e-01
1.544182499968884e-03	-2.370846e-02	6.621952e-01	6.384867e-01
1.551436964254599e-03	-5.451402e-02	6.607610e-01	6.062469e-01
1.558691428540313e-03	-8.510086e-02	6.582316e-01	5.731307e-01
1.565945892826027e-03	-1.154690e-01	6.546070e-01	5.391380e-01
1.573200357111742e-03	-1.456184e-01	6.498873e-01	5.042689e-01
1.580454821397456e-03	-1.755490e-01	6.440724e-01	4.685234e-01
1.587709285683170e-03	-2.052610e-01	6.371624e-01	4.319014e-01
1.594963749968885e-03	-2.347542e-01	6.291572e-01	3.944030e-01
1.603334285683170e-03	-2.683227e-01	6.185536e-01	3.502309e-01
1.611704821397456e-03	-3.011122e-01	6.066403e-01	3.055281e-01
1.620075357111742e-03	-3.331228e-01	5.934174e-01	2.602946e-01
1.628445892826027e-03	-3.643544e-01	5.788848e-01	2.145304e-01
1.636816428540313e-03	-3.948071e-01	5.630426e-01	1.682355e-01
1.645186964254599e-03	-4.244809e-01	5.458908e-01	1.214099e-01
1.653557499968885e-03	-4.533757e-01	5.274293e-01	7.405368e-02
1.658021785683170e-03	-4.683051e-01	5.171252e-01	4.882003e-02
1.662486071397456e-03	-4.829136e-01	5.065091e-01	2.359543e-02
1.666950357111742e-03	-4.972012e-01	4.955810e-01	-1.620111e-03
1.671414642826027e-03	-5.111677e-01	4.843411e-01	-2.682659e-02
1.675878928540313e-03	-5.248133e-01	4.727893e-01	-5.202401e-02
1.680343214254599e-03	-5.381379e-01	4.609255e-01	-7.721237e-02
1.684807499968885e-03	-5.511415e-01	4.487498e-01	-1.023917e-01
1.694294107111742e-03	-5.777098e-01	4.217626e-01	-1.559472e-01
1.703780714254599e-03	-6.024540e-01	3.937723e-01	-2.086817e-01
1.713267321397456e-03	-6.253741e-01	3.647788e-01	-2.605952e-01
1.722753928540313e-03	-6.464700e-01	3.347822e-01	-3.116877e-01
1.732240535683170e-03	-6.657417e-01	3.037825e-01	-3.619592e-01
1.741727142826027e-03	-6.831893e-01	2.717797e-01	-4.114097e-01
1.751213749968885e-03	-6.988128e-01	2.387737e-01	-4.600391e-01
1.759026249968885e-03	-7.100884e-01	2.111148e-01	-4.989736e-01
1.766838749968885e-03	-7.199388e-01	1.831821e-01	-5.367567e-01
1.774651249968885e-03	-7.283639e-01	1.549754e-01	-5.733885e-01
1.782463749968885e-03	-7.353636e-01	1.264949e-01	-6.088688e-01
1.790276249968885e-03	-7.409381e-01	9.774046e-02	-6.431977e-01
1.798088749968885e-03	-7.450873e-01	6.871215e-02	-6.763752e-01
1.805901249968885e-03	-7.478113e-01	3.940995e-02	-7.084013e-01
1.810365535683171e-03	-7.486946e-01	2.268105e-02	-7.260136e-01
1.814829821397456e-03	-7.491012e-01	5.964358e-03	-7.431368e-01
1.819294107111742e-03	-7.490309e-01	-1.074011e-02	-7.597710e-01
1.823758392826028e-03	-7.484838e-01	-2.743237e-02	-7.759162e-01
1.828222678540313e-03	-7.474599e-01	-4.411240e-02	-7.915723e-01
1.832686964254599e-03	-7.459592e-01	-6.078022e-02	-8.067394e-01
1.837151249968885e-03	-7.439816e-01	-7.743582e-02	-8.214175e-01
1.847195892826028e-03	-7.377060e-01	-1.149443e-01	-8.526503e-01
1.857240535683171e-03	-7.291421e-01	-1.517909e-01	-8.809330e-01
1.867285178540313e-03	-7.182898e-01	-1.879758e-01	-9.062656e-01
1.877329821397456e-03	-7.051492e-01	-2.234988e-01	-9.286480e-01
1.887374464254599e-03	-6.897203e-01	-2.583600e-01	-9.480803e-01
1.897419107111742e-03	-6.720030e-01	-2.925594e-01	-9.645625e-01
1.907463749968885e-03	-6.519974e-01	-3.260970e-01	-9.780945e-01
1.922530714254599e-03	-6.174348e-01	-3.746981e-01	-9.921329e-01
1.937597678540313e-03	-5.791668e-01	-4.198360e-01	-9.990028e-01
1.952664642826028e-03	-5.371932e-01	-4.615108e-01	-9.987040e-01
1.967731607111742e-03	-4.915141e-01	-4.997224e-01	-9.912366e-01
1.982798571397456e-03	-4.421296e-01	-5.344710e-01	-9.766006e-01
1.997865535683170e-03	-3.890396e-01	-5.657564e-01	-9.547960e-01
2.012932499968885e-03	-3.322440e-01	-5.935787e-01	-9.258227e-01
2.021861071397456e-03	-2.977072e-01	-6.077116e-01	-9.054188e-01
2.030789642826028e-03	-2.626392e-01	-6.202280e-01	-8.828672e-01
2.039718214254599e-03	-2.270399e-01	-6.311279e-01	-8.581678e-01
2.048646785683170e-03	-1.909094e-01	-6.404113e-01	-8.313207e-01
2.057575357111742e-03	-1.542477e-01	-6.480781e-01	-8.023258e-01
2.066503928540313e-03	-1.170547e-01	-6.541285e-01	-7.711832e-01
2.075432499968885e-03	-7.933056e-02	-6.585623e-01	-7.378929e-01
2.094963749968885e-03	3.254712e-03	-6.622806e-01	-6.590258e-01
2.100544107111742e-03	2.694581e-02	-6.618548e-01	-6.349090e-01
2.106124464254599e-03	5.055154e-02	-6.607747e-01	-6.102231e-01
2.111704821397456e-03	7.407189e-02	-6.590401e-01	-5.849682e-01
2.117285178540313e-03	9.750687e-02	-6.566511e-01	-5.591442e-01
2.122865535683170e-03	1.208565e-01	-6.536077e-01	-5.327512e-01
2.128445892826028e-03	1.441207e-01	-6.499098e-01	-5.057891e-01
2.134026249968885e-03	1.672996e-01	-6.455575e-01	-4.782580e-01
2.143512857111742e-03	2.064768e-01	-6.366007e-01	-4.301239e-01
2.152999464254599e-03	2.447917e-01	-6.259040e-01	-3.811123e-01
2.162486071397456e-03	2.822442e-01	-6.134674e-01	-3.312232e-01
2.171972678540313e-03	3.188344e-01	-5.992909e-01	-2.804565e-01
2.181459285683170e-03	3.545622e-01	-5.833745e-01	-2.288124e-01
2.190945892826028e-03	3.894276e-01	-5.657183e-01	-1.762907e-01
2.200432499968885e-03	4.234307e-01	-5.463221e-01	-1.228914e-01
2.204338749968885e-03	4.369915e-01	-5.379086e-01	-1.009172e-01
2.208244999968885e-03	4.503231e-01	-5.292436e-01	-7.892053e-02
2.212151249968885e-03	4.634256e-01	-5.203271e-01	-5.690151e-02
2.216057499968885e-03	4.762990e-01	-5.111591e-01	-3.486012e-02
2.219963749968885e-03	4.889432e-01	-5.017395e-01	-1.279636e-02
2.223869999968885e-03	5.013582e-01	-4.920684e-01	9.289779e-03
2.227776249968885e-03	5.135441e-01	-4.821458e-01	3.139829e-02
2.235030714254599e-03	5.355591e-01	-4.630307e-01	7.252840e-02
2.242285178540313e-03	5.565893e-01	-4.432232e-01	1.133661e-01
2.249539642826028e-03	5.766348e-01	-4.227233e-01	1.539115e-01
2.256794107111742e-03	5.956955e-01	-4.015310e-01	1.941645e-01
2.264048571397457e-03	6.137715e-01	-3.796464e-01	2.341251e-01
2.271303035683171e-03	6.308628e-01	-3.570695e-01	2.737933e-01
2.278557499968885e-03	6.469693e-01	-3.338001e-01	3.131692e-01
2.288602142826028e-03	6.674784e-01	-3.005039e-01	3.669744e-01
2.298646785683171e-03	6.857092e-01	-2.665190e-01	4.191901e-01
2.308691428540313e-03	7.016617e-01	-2.318455e-01	4.698162e-01
2.318736071397457e-03	7.153360e-01	-1.964832e-01	5.188528e-01
2.328780714254599e-03	7.267321e-01	-1.604323e-01	5.662998e-01
2.338825357111742e-03	7.358499e-01	-1.236926e-01	6.121572e-01
2.348869999968885e-03	7.426894e-01	-8.626433e-02	6.564251e-01
2.372307499968885e-03	7.490702e-01	1.268080e-03	7.503383e-01
2.377887857111742e-03	7.486465e-01	2.221527e-02	7.708618e-01
2.383468214254599e-03	7.474825e-01	4.308860e-02	7.905711e-01
2.389048571397457e-03	7.455780e-01	6.388807e-02	8.094661e-01
2.394628928540313e-03	7.429332e-01	8.461369e-02	8.275469e-01
2.400209285683171e-03	7.395480e-01	1.052655e-01	8.448135e-01
2.405789642826028e-03	7.354225e-01	1.258434e-01	8.612659e-01
2.411369999968885e-03	7.305566e-01	1.463474e-01	8.769040e-01
2.423088749968885e-03	7.177688e-01	1.892366e-01	9.070055e-01
2.434807499968885e-03	7.020410e-01	2.308549e-01	9.328959e-01
2.446526249968885e-03	6.833730e-01	2.712022e-01	9.545752e-01
2.458244999968885e-03	6.617649e-01	3.102786e-01	9.720435e-01
2.469963749968885e-03	6.372167e-01	3.480840e-01	9.853007e-01
2.481682499968885e-03	6.097284e-01	3.846185e-01	9.943469e-01
2.493401249968885e-03	5.792999e-01	4.198821e-01	9.991820e-01
2.506794107111742e-03	5.410649e-01	4.578673e-01	9.989322e-01
2.520186964254600e-03	5.003535e-01	4.927793e-01	9.931328e-01
2.533579821397457e-03	4.571656e-01	5.246181e-01	9.817837e-01
2.546972678540314e-03	4.115012e-01	5.533837e-01	9.648849e-01
2.560365535683171e-03	3.633604e-01	5.790760e-01	9.424365e-01
2.573758392826028e-03	3.127432e-01	6.016952e-01	9.144384e-01
2.587151249968885e-03	2.596495e-01	6.212411e-01	8.808906e-01
2.594963749968885e-03	2.282075e-01	6.308048e-01	8.590123e-01
2.602776249968885e-03	1.964766e-01	6.391044e-01	8.355809e-01
2.610588749968885e-03	1.644568e-01	6.461398e-01	8.105966e-01
2.618401249968885e-03	1.321482e-01	6.519110e-01	7.840592e-01
2.626213749968885e-03	9.955075e-02	6.564180e-01	7.559688e-01
2.634026249968885e-03	6.666445e-02	6.596609e-01	7.263253e-01
2.641838749968885e-03	3.348929e-02	6.616396e-01	6.951289e-01
2.649651249968885e-03	4.073977e-04	6.623017e-01	6.627091e-01
2.654673571397457e-03	-2.090677e-02	6.620416e-01	6.411348e-01
2.659695892826028e-03	-4.216135e-02	6.612504e-01	6.190890e-01
2.664718214254600e-03	-6.335636e-02	6.599281e-01	5.965717e-01
2.669740535683171e-03	-8.449178e-02	6.580747e-01	5.735829e-01
2.674762857111742e-03	-1.055676e-01	6.556901e-01	5.501225e-01
2.679785178540314e-03	-1.265839e-01	6.527745e-01	5.261906e-01
2.684807499968885e-03	-1.475406e-01	6.493278e-01	5.017872e-01
2.694852142826028e-03	-1.893139e-01	6.407651e-01	4.514512e-01
2.704896785683171e-03	-2.301562e-01	6.302392e-01	4.000830e-01
2.714941428540314e-03	-2.700674e-01	6.177501e-01	3.476827e-01
2.724986071397457e-03	-3.090475e-01	6.032979e-01	2.942504e-01
2.735030714254600e-03	-3.470965e-01	5.868824e-01	2.397860e-01
2.745075357111743e-03	-3.842144e-01	5.685038e-01	1.842895e-01
2.755119999968885e-03	-4.204012e-01	5.481620e-01	1.277609e-01
2.758468214254600e-03	-4.320738e-01	5.410197e-01	1.089459e-01
2.761816428540314e-03	-4.435813e-01	5.336902e-01	9.010888e-02
2.765164642826028e-03	-4.549239e-01	5.261735e-01	7.124967e-02
2.768512857111743e-03	-4.661014e-01	5.184697e-01	5.236831e-02
2.771861071397457e-03	-4.771138e-01	5.105786e-01	3.346480e-02
2.775209285683171e-03	-4.879613e-01	5.025004e-01	1.453914e-02
2.778557499968885e-03	-4.986437e-01	4.942350e-01	-4.408673e-03
2.784137857111743e-03	-5.160719e-01	4.800406e-01	-3.603135e-02
2.789718214254600e-03	-5.329460e-01	4.654059e-01	-6.754005e-02
2.795298571397457e-03	-5.492658e-01	4.503310e-01	-9.893478e-02
2.800878928540314e-03	-5.650314e-01	4.348159e-01	-1.302155e-01
2.806459285683171e-03	-5.802427e-01	4.188604e-01	-1.613823e-01
2.812039642826028e-03	-5.948999e-01	4.024648e-01	-1.924351e-01
2.817619999968885e-03	-6.090028e-01	3.856288e-01	-2.233739e-01
2.828780714254600e-03	-6.354938e-01	3.505232e-01	-2.849706e-01
2.839941428540314e-03	-6.592502e-01	3.143936e-01	-3.448566e-01
2.851102142826028e-03	-6.802719e-01	2.772399e-01	-4.030319e-01
2.862262857111743e-03	-6.985588e-01	2.390623e-01	-4.594965e-01
2.873423571397457e-03	-7.141111e-01	1.998606e-01	-5.142504e-01
2.884584285683171e-03	-7.269286e-01	1.596350e-01	-5.672936e-01
2.895744999968885e-03	-7.370114e-01	1.183853e-01	-6.186261e-01
2.900209285683171e-03	-7.401595e-01	1.018724e-01	-6.382871e-01
2.904673571397457e-03	-7.428326e-01	8.532096e-02	-6.575116e-01
2.909137857111743e-03	-7.450305e-01	6.873106e-02	-6.762995e-01
2.913602142826028e-03	-7.467535e-01	5.210269e-02	-6.946508e-01
2.918066428540314e-03	-7.480014e-01	3.543583e-02	-7.125655e-01
2.922530714254600e-03	-7.487742e-01	1.873050e-02	-7.300437e-01
2.926994999968886e-03	-7.490720e-01	1.986697e-03	-7.470853e-01
2.932017321397457e-03	-7.488301e-01	-1.685899e-02	-7.656891e-01
2.937039642826028e-03	-7.479874e-01	-3.565330e-02	-7.836407e-01
2.942061964254600e-03	-7.465439e-01	-5.439624e-02	-8.009402e-01
2.947084285683171e-03	-7.444996e-01	-7.308780e-02	-8.175874e-01
2.952106607111743e-03	-7.418544e-01	-9.172800e-02	-8.335824e-01
2.957128928540314e-03	-7.386084e-01	-1.103168e-01	-8.489252e-01
2.962151249968886e-03	-7.347616e-01	-1.288543e-01	-8.636159e-01
2.973311964254600e-03	-7.239294e-01	-1.699552e-01	-8.938846e-01
2.984472678540314e-03	-7.103815e-01	-2.099933e-01	-9.203748e-01
2.995633392826028e-03	-6.941178e-01	-2.489686e-01	-9.430864e-01
3.006794107111743e-03	-6.751385e-01	-2.868812e-01	-9.620196e-01
3.017954821397457e-03	-6.534434e-01	-3.237309e-01	-9.771743e-01
3.029115535683171e-03	-6.290326e-01	-3.595179e-01	-9.885505e-01
3.040276249968886e-03	-6.019060e-01	-3.942421e-01	-9.961481e-01
3.054227142826028e-03	-5.641896e-01	-4.354727e-01	-9.996623e-01
3.068178035683171e-03	-5.236461e-01	-4.734634e-01	-9.971095e-01
3.082128928540314e-03	-4.802756e-01	-5.082140e-01	-9.884896e-01
3.096079821397457e-03	-4.340781e-01	-5.397246e-01	-9.738027e-01
3.110030714254600e-03	-3.850536e-01	-5.679952e-01	-9.530488e-01
3.123981607111743e-03	-3.332021e-01	-5.930257e-01	-9.262278e-01
3.137932499968886e-03	-2.785235e-01	-6.148162e-01	-8.933398e-01
3.145744999968886e-03	-2.473850e-01	-6.251269e-01	-8.725119e-01
3.153557499968886e-03	-2.159191e-01	-6.341808e-01	-8.500999e-01
3.161369999968886e-03	-1.841258e-01	-6.419779e-01	-8.261037e-01
3.169182499968886e-03	-1.520051e-01	-6.485181e-01	-8.005233e-01
3.176994999968886e-03	-1.195571e-01	-6.538016e-01	-7.733587e-01
3.184807499968886e-03	-8.678170e-02	-6.578283e-01	-7.446100e-01
3.192619999968886e-03	-5.367893e-02	-6.605982e-01	-7.142771e-01
3.196526249968886e-03	-3.714299e-02	-6.614853e-01	-6.986283e-01
3.200432499968886e-03	-2.060909e-02	-6.620496e-01	-6.826587e-01
3.204338749968886e-03	-4.077225e-03	-6.622908e-01	-6.663680e-01
3.208244999968886e-03	1.245260e-02	-6.622091e-01	-6.497565e-01
3.212151249968886e-03	2.898038e-02	-6.618044e-01	-6.328241e-01
3.216057499968886e-03	4.550613e-02	-6.610768e-01	-6.155707e-01
3.219963749968886e-03	6.202984e-02	-6.600262e-01	-5.979964e-01
3.228892321397457e-03	9.985942e-02	-6.563673e-01	-5.565079e-01
3.237820892826029e-03	1.372002e-01	-6.510815e-01	-5.138812e-01
3.246749464254600e-03	1.740523e-01	-6.441687e-01	-4.701164e-01
3.255678035683171e-03	2.104156e-01	-6.356290e-01	-4.252134e-01
3.264606607111743e-03	2.462902e-01	-6.254624e-01	-3.791722e-01
3.273535178540314e-03	2.816760e-01	-6.136688e-01	-3.319928e-01
3.282463749968886e-03	3.165731e-01	-6.002483e-01	-2.836753e-01
3.289160178540314e-03	3.421344e-01	-5.891744e-01	-2.470400e-01
3.295856607111743e-03	3.671181e-01	-5.773016e-01	-2.101835e-01
3.302553035683171e-03	3.915241e-01	-5.646301e-01	-1.731060e-01
3.309249464254600e-03	4.153525e-01	-5.511597e-01	-1.358072e-01
3.315945892826029e-03	4.386032e-01	-5.368905e-01	-9.828736e-02
3.322642321397457e-03	4.612762e-01	-5.218226e-01	-6.054633e-02
3.329338749968886e-03	4.833717e-01	-5.059558e-01	-2.258416e-02
3.332128928540314e-03	4.923454e-01	-4.991455e-01	-6.800053e-03
3.334919107111743e-03	5.011913e-01	-4.922153e-01	8.975936e-03
3.337709285683171e-03	5.099091e-01	-4.851653e-01	2.474381e-02
3.340499464254600e-03	5.184990e-01	-4.779954e-01	4.050356e-02
3.343289642826029e-03	5.269608e-01	-4.707057e-01	5.625519e-02
3.346079821397457e-03	5.352948e-01	-4.632961e-01	7.199870e-02
3.348869999968886e-03	5.435007e-01	-4.557666e-01	8.773409e-02
3.357798571397458e-03	5.689604e-01	-4.307587e-01	1.382017e-01
3.366727142826029e-03	5.928299e-01	-4.048252e-01	1.880047e-01
3.375655714254600e-03	6.151092e-01	-3.779661e-01	2.371431e-01
3.384584285683172e-03	6.357983e-01	-3.501813e-01	2.856170e-01
3.393512857111743e-03	6.548972e-01	-3.214708e-01	3.334264e-01
3.402441428540314e-03	6.724059e-01	-2.918347e-01	3.805712e-01
3.411369999968886e-03	6.883244e-01	-2.612730e-01	4.270514e-01
3.419740535683172e-03	7.015869e-01	-2.320147e-01	4.695721e-01
3.428111071397458e-03	7.132233e-01	-2.024049e-01	5.108185e-01
3.436481607111743e-03	7.232338e-01	-1.724434e-01	5.507903e-01
3.444852142826029e-03	7.316182e-01	-1.421304e-01	5.894878e-01
3.453222678540314e-03	7.383766e-01	-1.114658e-01	6.269108e-01
3.461593214254600e-03	7.435090e-01	-8.044961e-02	6.630594e-01
3.469963749968886e-03	7.470153e-01	-4.908183e-02	6.979335e-01
3.474428035683172e-03	7.481785e-01	-3.236756e-02	7.158109e-01
3.478892321397458e-03	7.488646e-01	-1.565928e-02	7.332053e-01
3.483356607111743e-03	7.490738e-01	1.043022e-03	7.501168e-01
3.487820892826029e-03	7.488060e-01	1.773934e-02	7.665453e-01
3.492285178540314e-03	7.480612e-01	3.442968e-02	7.824909e-01
3.496749464254600e-03	7.468394e-01	5.111404e-02	7.979534e-01
3.501213749968886e-03	7.451406e-01	6.779242e-02	8.129330e-01
3.510700357111743e-03	7.398816e-01	1.032668e-01	8.431484e-01
3.520186964254600e-03	7.325639e-01	1.381975e-01	8.707614e-01
3.529673571397458e-03	7.231877e-01	1.725844e-01	8.957721e-01
3.539160178540314e-03	7.117528e-01	2.064276e-01	9.181804e-01
3.548646785683172e-03	6.982594e-01	2.397271e-01	9.379864e-01
3.558133392826029e-03	6.827073e-01	2.724828e-01	9.551901e-01
3.567619999968886e-03	6.650967e-01	3.046948e-01	9.697915e-01
3.583244999968886e-03	6.312199e-01	3.562294e-01	9.874494e-01
3.598869999968886e-03	5.932534e-01	4.041342e-01	9.973876e-01
3.614494999968886e-03	5.511970e-01	4.484091e-01	9.996061e-01
3.630119999968886e-03	5.050508e-01	4.890542e-01	9.941050e-01
3.645744999968886e-03	4.548148e-01	5.260693e-01	9.808841e-01
3.661369999968886e-03	4.004890e-01	5.594545e-01	9.599435e-01
3.676994999968886e-03	3.420734e-01	5.892099e-01	9.312833e-01
3.686481607111743e-03	3.055740e-01	6.046574e-01	9.102314e-01
3.695968214254601e-03	2.684675e-01	6.182827e-01	8.867502e-01
3.705454821397458e-03	2.307539e-01	6.300857e-01	8.608397e-01
3.714941428540315e-03	1.924332e-01	6.400667e-01	8.324999e-01
3.724428035683172e-03	1.535054e-01	6.482254e-01	8.017308e-01
3.733914642826029e-03	1.139705e-01	6.545619e-01	7.685324e-01
3.743401249968886e-03	7.382846e-02	6.590763e-01	7.329047e-01
3.748423571397458e-03	5.258808e-02	6.606646e-01	7.132527e-01
3.753445892826029e-03	3.134811e-02	6.617192e-01	6.930673e-01
3.758468214254601e-03	1.010857e-02	6.622401e-01	6.723487e-01
3.763490535683172e-03	-1.113056e-02	6.622273e-01	6.510967e-01
3.768512857111743e-03	-3.236927e-02	6.616808e-01	6.293115e-01
3.773535178540315e-03	-5.360756e-02	6.606005e-01	6.069930e-01
3.778557499968886e-03	-7.484543e-02	6.589866e-01	5.841411e-01
3.788044107111743e-03	-1.149805e-01	6.544238e-01	5.394433e-01
3.797530714254601e-03	-1.545056e-01	6.480396e-01	4.935340e-01
3.807017321397458e-03	-1.934208e-01	6.398340e-01	4.464132e-01
3.816503928540315e-03	-2.317261e-01	6.298068e-01	3.980808e-01
3.825990535683172e-03	-2.694214e-01	6.179583e-01	3.485369e-01
3.835477142826029e-03	-3.065068e-01	6.042882e-01	2.977814e-01
3.844963749968886e-03	-3.429822e-01	5.887967e-01	2.458145e-01
3.850544107111744e-03	-3.638720e-01	5.789076e-01	2.150356e-01
3.856124464254601e-03	-3.843497e-01	5.684697e-01	1.841200e-01
3.861704821397458e-03	-4.044152e-01	5.574829e-01	1.530677e-01
3.867285178540315e-03	-4.240688e-01	5.459473e-01	1.218786e-01
3.872865535683172e-03	-4.433102e-01	5.338629e-01	9.055272e-02
3.878445892826029e-03	-4.621396e-01	5.212297e-01	5.909012e-02
3.884026249968886e-03	-4.805569e-01	5.080476e-01	2.749076e-02
3.887374464254601e-03	-4.913589e-01	4.999047e-01	8.545764e-03
3.890722678540315e-03	-5.019755e-01	4.915901e-01	-1.038534e-02
3.894070892826029e-03	-5.124066e-01	4.831040e-01	-2.930255e-02
3.897419107111744e-03	-5.226522e-01	4.744463e-01	-4.820588e-02
3.900767321397458e-03	-5.327124e-01	4.656170e-01	-6.709532e-02
3.904115535683172e-03	-5.425871e-01	4.566162e-01	-8.597087e-02
3.907463749968886e-03	-5.522763e-01	4.474438e-01	-1.048325e-01
3.930901249968884e-03	-6.143088e-01	3.789918e-01	-2.353171e-01
3.939829821397454e-03	-6.352649e-01	3.509061e-01	-2.843588e-01
3.948758392826024e-03	-6.544923e-01	3.221148e-01	-3.323776e-01
3.957686964254595e-03	-6.719913e-01	2.926179e-01	-3.793734e-01
3.966615535683166e-03	-6.877616e-01	2.624155e-01	-4.253462e-01
3.975544107111736e-03	-7.018034e-01	2.315074e-01	-4.702960e-01
3.984472678540307e-03	-7.141166e-01	1.998938e-01	-5.142228e-01
3.993401249968877e-03	-7.247013e-01	1.675746e-01	-5.571266e-01
3.997307499968876e-03	-7.287383e-01	1.533868e-01	-5.753515e-01
4.000000000000000e-03	-7.313564e-01	1.435712e-01	-5.877852e-01
